<?xml version="1.0" encoding="UTF-8"?>
<!DOCTYPE mapper PUBLIC "-//mybatis.org//DTD Mapper 3.0//EN" "http://mybatis.org/dtd/mybatis-3-mapper.dtd">
<mapper namespace="com.immoc.pay.dao.PayInfoMapper">
    <resultMap id="BaseResultMap" type="com.immoc.pay.pojo.PayInfo">
        <id column="id" jdbcType="INTEGER" property="id"/>
        <result column="user_id" jdbcType="INTEGER" property="userId"/>
        <result column="order_no" jdbcType="BIGINT" property="orderNo"/>
        <result column="pay_platform" jdbcType="INTEGER" property="payPlatform"/>
        <result column="platform_number" jdbcType="VARCHAR" property="platformNumber"/>
        <result column="platform_status" jdbcType="VARCHAR" property="platformStatus"/>
        <result column="pay_amount" jdbcType="DECIMAL" property="payAmount"/>
        <result column="create_time" jdbcType="TIMESTAMP" property="createTime"/>
        <result column="update_time" jdbcType="TIMESTAMP" property="updateTime"/>
    </resultMap>
    <sql id="Base_Column_List">
        id
        , user_id, order_no, pay_platform, platform_number, platform_status, pay_amount,
    create_time, update_time
    </sql>
    <select id="selectByPrimaryKey" parameterType="java.lang.Integer" resultMap="BaseResultMap">
        select
        <include refid="Base_Column_List"/>
        from mall_pay_info
        where id = #{id,jdbcType=INTEGER}
    </select>
    <delete id="deleteByPrimaryKey" parameterType="java.lang.Integer">
        delete
        from mall_pay_info
        where id = #{id,jdbcType=INTEGER}
    </delete>
    <insert id="insert" parameterType="com.immoc.pay.pojo.PayInfo">
        insert into mall_pay_info (id, user_id, order_no,
                                   pay_platform, platform_number, platform_status,
                                   pay_amount, create_time, update_time)
        values (#{id,jdbcType=INTEGER}, #{userId,jdbcType=INTEGER}, #{orderNo,jdbcType=BIGINT},
                #{payPlatform,jdbcType=INTEGER}, #{platformNumber,jdbcType=VARCHAR}, #{platformStatus,jdbcType=VARCHAR},
                #{payAmount,jdbcType=DECIMAL}, #{createTime,jdbcType=TIMESTAMP}, #{updateTime,jdbcType=TIMESTAMP})
    </insert>
    <insert id="insertSelective" parameterType="com.immoc.pay.pojo.PayInfo">
        insert into mall_pay_info
        <trim prefix="(" suffix=")" suffixOverrides=",">
            <if test="id != null">
                id,
            </if>
            <if test="userId != null">
                user_id,
            </if>
            <if test="orderNo != null">
                order_no,
            </if>
            <if test="payPlatform != null">
                pay_platform,
            </if>
            <if test="platformNumber != null">
                platform_number,
            </if>
            <if test="platformStatus != null">
                platform_status,
            </if>
            <if test="payAmount != null">
                pay_amount,
            </if>
            <if test="createTime != null">
                create_time,
            </if>
            <if test="updateTime != null">
                update_time,
            </if>
        </trim>
        <trim prefix="values (" suffix=")" suffixOverrides=",">
            <if test="id != null">
                #{id,jdbcType=INTEGER},
            </if>
            <if test="userId != null">
                #{userId,jdbcType=INTEGER},
            </if>
            <if test="orderNo != null">
                #{orderNo,jdbcType=BIGINT},
            </if>
            <if test="payPlatform != null">
                #{payPlatform,jdbcType=INTEGER},
            </if>
            <if test="platformNumber != null">
                #{platformNumber,jdbcType=VARCHAR},
            </if>
            <if test="platformStatus != null">
                #{platformStatus,jdbcType=VARCHAR},
            </if>
            <if test="payAmount != null">
                #{payAmount,jdbcType=DECIMAL},
            </if>
            <if test="createTime != null">
                #{createTime,jdbcType=TIMESTAMP},
            </if>
            <if test="updateTime != null">
                #{updateTime,jdbcType=TIMESTAMP},
            </if>
        </trim>
    </insert>
    <update id="updateByPrimaryKeySelective" parameterType="com.immoc.pay.pojo.PayInfo">
        update mall_pay_info
        <set>
            <if test="userId != null">
                user_id = #{userId,jdbcType=INTEGER},
            </if>
            <if test="orderNo != null">
                order_no = #{orderNo,jdbcType=BIGINT},
            </if>
            <if test="payPlatform != null">
                pay_platform = #{payPlatform,jdbcType=INTEGER},
            </if>
            <if test="platformNumber != null">
                platform_number = #{platformNumber,jdbcType=VARCHAR},
            </if>
            <if test="platformStatus != null">
                platform_status = #{platformStatus,jdbcType=VARCHAR},
            </if>
            <if test="payAmount != null">
                pay_amount = #{payAmount,jdbcType=DECIMAL},
            </if>
            <if test="createTime != null">
                create_time = #{createTime,jdbcType=TIMESTAMP},
            </if>
        </set>
        where id = #{id,jdbcType=INTEGER}
    </update>
    <update id="updateByPrimaryKey" parameterType="com.immoc.pay.pojo.PayInfo">
        update mall_pay_info
        set user_id         = #{userId,jdbcType=INTEGER},
            order_no        = #{orderNo,jdbcType=BIGINT},
            pay_platform    = #{payPlatform,jdbcType=INTEGER},
            platform_number = #{platformNumber,jdbcType=VARCHAR},
            platform_status = #{platformStatus,jdbcType=VARCHAR},
            pay_amount      = #{payAmount,jdbcType=DECIMAL},
            create_time     = #{createTime,jdbcType=TIMESTAMP},
            update_time     = #{updateTime,jdbcType=TIMESTAMP}
        where id = #{id,jdbcType=INTEGER}
    </update>
    <select id="selectByOrderNo" parameterType="java.lang.Long" resultMap="BaseResultMap">
        select
        <include refid="Base_Column_List"/>
        from mall_pay_info
        where order_no = #{orderNo,jdbcType=BIGINT}
    </select>
</mapper>